[
    {
      "id": 1,
      "first_name": "Heida",
      "title": "Dreams",
      "genre": "Fantasy"
    },
    {
      "id": 2,
      "first_name": "Fran",
      "last_name": "Lounds",
      "email": "flounds1@state.tx.us",
      "gender": "Male",
      "title": "Still Waiting...",
      "genre": "Comedy"
    },
    {
      "id": 3,
      "first_name": "Addie",
      "last_name": "Dimberline",
      "email": "adimberline2@wix.com",
      "gender": "Female",
      "title": "Only Daughter",
      "genre": "Drama"
    }
  ]